CookerStat, GenerateAssetRegistry=0.035066, Initialize=0.164207, RunGuid=RunIDFB8EC49B4E44CB7F1FD66C948D72FC15
MaterialTransactionId250870FD4F4B27EAA2D843A1540AFEA0_0, CacheKey=MATSM_4F0644619F9C48FF91E0D494C95EB050_PCD3D_SM5_5__BC5N_DEV_SL_NoDBuf_EARLYZ382B9B8E14C6C91B2C3A064978A4F4CBB_Num_SM5__0___TBasePassVSFCachedVolumeIndirectLightingPolicyAtmosphericFog8B18AAF8F9198748E9489BA6EBEFA581D907D7CD2094224222222222222222222222224222222222222222222222222222222222222222222424444444440222222222222222222222244442222222222222222222222222222221240222224222222222222222222222222222222222222222222222222222222000044040000001400000014000000140000001400000014000000_TShadowDepthVSForGSVertexShadowDepth_PerspectiveCorrecttrue4B45B91074D2CFA7ACE4DE03393192218069847A170422422222222222222222222222422222222222222222222222222222222222222222242444444444022222222222222222222224444222222222222222222222222222222124022222222222222222222020040440000001400000014000000140000001400000014000000_TBasePassVSFCachedPointIndirectLightingPolicyAtmosphericFog8B18AAF8F9198748E9489BA6EBEFA581D907D7CD2094224222222222222222222222224222222222222222222222222222222222222222222424444444440222222222222222222222244442222222222222222222222222222221240222224222222222222222222222222222222222222222222222222222222000044040000001400000014000000140000001400000014000000_TShadowDepthPSPixelShadowDepth_NonPerspectiveCorrecttrueCAB07D2D95B9FDBA4D93434B857B7D78E9EF61F717742242222222222222222222222242222222222222222222222222222222222222222224244444444402222222222222222222222444422222222222222222222222222222212402222222222222222222222222222000044040000001400000014000000140000001400000014000000_TShadowDepthVSVertexShadowDepth_PerspectiveCorrecttrue4B45B91074D2CFA7ACE4DE03393192218069847A170422422222222222222222222222422222222222222222222222222222222222222222242444444444022222222222222222222224444222222222222222222222222222222124022222222222222222222020040440000001400000014000000140000001400000014000000_TBasePassPSFCachedVolumeIndirectLightingPolicySkylight8B95D470BB4BF92A5C22A48B60B9DA18A2BE42522144224222222222222222222222224222222222222222222222222222222222222222222424444444440222222222222222222222244442222222222222222222222222222221240222224222222222222222222222222222222222222222222222222222222222202004044001400000014000000140000001400000014000000_TShadowDepthPSPixelShadowDepth_PerspectiveCorrecttrueCAB07D2D95B9FDBA4D93434B857B7D78E9EF61F717742242222222222222222222222242222222222222222222222222222222222222222224244444444402222222222222222222222444422222222222222222222222222222212402222222222222222222222222222000044040000001400000014000000140000001400000014000000_TBasePassVSFSimpleDynamicLightingPolicyAtmosphericFog8B18AAF8F9198748E9489BA6EBEFA581D907D7CD2094224222222222222222222222224222222222222222222222222222222222222222222424444444440222222222222222222222244442222222222222222222222222222221240222224222222222222222222222222222222222222222222222222222222000044040000001400000014000000140000001400000014000000_TBasePassPSFCachedPointIndirectLightingPolicySkylight8B95D470BB4BF92A5C22A48B60B9DA18A2BE42522144224222222222222222222222224222222222222222222222222222222222222222222424444444440222222222222222222222244442222222222222222222222222222221240222224222222222222222222222222222222222222222222222222222222222202004044001400000014000000140000001400000014000000_TShadowDepthVSForGSVertexShadowDepth_OutputDepthtrue4B45B91074D2CFA7ACE4DE03393192218069847A170422422222222222222222222222422222222222222222222222222222222222222222242444444444022222222222222222222224444222222222222222222222222222222124022222222222222222222020040440000001400000014000000140000001400000014000000_TShadowDepthPSPixelShadowDepth_OnePassPointLighttrueCAB07D2D95B9FDBA4D93434B857B7D78E9EF61F717742242222222222222222222222242222222222222222222222222222222222222222224244444444402222222222222222222222444422222222222222222222222222222212402222222222222222222222222222000044040000001400000014000000140000001400000014000000_TShadowDepthVSVertexShadowDepth_OutputDepthtrue4B45B91074D2CFA7ACE4DE03393192218069847A170422422222222222222222222222422222222222222222222222222222222222222222242444444444022222222222222222222224444222222222222222222222222222222124022222222222222222222020040440000001400000014000000140000001400000014000000_TBasePassPSFSimpleDynamicLightingPolicySkylight8B95D470BB4BF92A5C22A48B60B9DA18A2BE42522144224222222222222222222222224222222222222222222222222222222222222222222424444444440222222222222222222222244442222222222222222222222222222221240222224222222222222222222222222222222222222222222222222222222222202004044001400000014000000140000001400000014000000_TBasePassVSFCachedVolumeIndirectLightingPolicy8B18AAF8F9198748E9489BA6EBEFA581D907D7CD2094224222222222222222222222224222222222222222222222222222222222222222222424444444440222222222222222222222244442222222222222222222222222222221240222224222222222222222222222222222222222222222222222222222222000044040000001400000014000000140000001400000014000000_TBasePassPSFCachedVolumeIndirectLightingPolicy8B95D470BB4BF92A5C22A48B60B9DA18A2BE42522144224222222222222222222222224222222222222222222222222222222222222222222424444444440222222222222222222222244442222222222222222222222222222221240222224222222222222222222222222222222222222222222222222222222222202004044001400000014000000140000001400000014000000_TBasePassVSFCachedPointIndirectLightingPolicy8B18AAF8F9198748E9489BA6EBEFA581D907D7CD2094224222222222222222222222224222222222222222222222222222222222222222222424444444440222222222222222222222244442222222222222222222222222222221240222224222222222222222222222222222222222222222222222222222222000044040000001400000014000000140000001400000014000000_TBasePassPSFCachedPointIndirectLightingPolicy8B95D470BB4BF92A5C22A48B60B9DA18A2BE42522144224222222222222222222222224222222222222222222222222222222222222222222424444444440222222222222222222222244442222222222222222222222222222221240222224222222222222222222222222222222222222222222222222222222222202004044001400000014000000140000001400000014000000_TBasePassVSFNoLightMapPolicyAtmosphericFog8B18AAF8F9198748E9489BA6EBEFA581D907D7CD2094224222222222222222222222224222222222222222222222222222222222222222222424444444440222222222222222222222244442222222222222222222222222222221240222224222222222222222222222222222222222222222222222222222222000044040000001400000014000000140000001400000014000000_TBasePassVSFSimpleDynamicLightingPolicy8B18AAF8F9198748E9489BA6EBEFA581D907D7CD2094224222222222222222222222224222222222222222222222222222222222222222222424444444440222222222222222222222244442222222222222222222222222222221240222224222222222222222222222222222222222222222222222222222222000044040000001400000014000000140000001400000014000000_TBasePassPSFSimpleDynamicLightingPolicy8B95D470BB4BF92A5C22A48B60B9DA18A2BE42522144224222222222222222222222224222222222222222222222222222222222222222222424444444440222222222222222222222244442222222222222222222222222222221240222224222222222222222222222222222222222222222222222222222222222202004044001400000014000000140000001400000014000000_TBasePassPSFNoLightMapPolicySkylight8B95D470BB4BF92A5C22A48B60B9DA18A2BE42522144224222222222222222222222224222222222222222222222222222222222222222222424444444440222222222222222222222244442222222222222222222222222222221240222224222222222222222222222222222222222222222222222222222222222202004044001400000014000000140000001400000014000000_TBasePassVSFNoLightMapPolicy8B18AAF8F9198748E9489BA6EBEFA581D907D7CD2094224222222222222222222222224222222222222222222222222222222222222222222424444444440222222222222222222222244442222222222222222222222222222221240222224222222222222222222222222222222222222222222222222222222000044040000001400000014000000140000001400000014000000_TBasePassPSFNoLightMapPolicy8B95D470BB4BF92A5C22A48B60B9DA18A2BE42522144224222222222222222222222224222222222222222222222222222222222222222222424444444440222222222222222222222244442222222222222222222222222222221240222224222222222222222222222222222222222222222222222222222222222202004044001400000014000000140000001400000014000000_FEvaluateSurfelMaterialCS6258113C2EBBF117ED7778A8D1717F7C4F99C7B816742242222222222222222222222242222222222222222222222222222222222222222224244444444402222222222222222222222444422222222222222222222222222222222222222222222222222220000440414000000140000001400000014000000_FConvertToUniformMeshVSE7DF727A12438F2D529D6604B0B1C022849CCFEB152422422222222222222222222222422222222222222222222222222222222222222222242444444444022222222222222222222224444222222222222222222222222222222124022020040441400000014000000140000001400000014000000_FConvertToUniformMeshGSE7DF727A12438F2D529D6604B0B1C022849CCFEB152422422222222222222222222222422222222222222222222222222222222222222222242444444444022222222222222222222224444222222222222222222222222222222124022020040441400000014000000140000001400000014000000_FInstancedStaticMeshVertexFactory5897CEF715AB93237703E35F9ABEBB43E8E477D3312242222222222222222222222222220200000_FLocalVertexFactory5897CEF715AB93237703E35F9ABEBB43E8E477D34224200000000064000040404040404040404040434343444443434343404040404040404040404343434040404044040404040404040404040404343434444434343434040404040404040404043434340404016101010101000424244444444444444424141414341414141413131414141444341444044444444444444414141414141414141434143414141414141414141414131314444414241444444414101010004443414341414141444444434341434444444404444444444444444444444444444444444444444444444444444444444444444444444444404010101010101010101010101010101010101010101010101210440444444232341414141414141414141414121301214141414141414140443434343444144444444444444440101010101010101010101010101301434143424141414244414130331313141444444442500000010000000100000001000000010000000100000001000000010000000100000001000000010000000100000001000000010000000100000001000000010000000100000001000000010000000100000001000000010000000100000001000000010000000250000001000000010000000100000001000000010000000100000001000000010000000100000001000000010000000100000001000000010000000100000001000000010000000100000001000000010000000100000001000000010000000100000001000000008000000080000000800000008000000080000000800000049000000100000000900000008000000100000001000000010000000260000001800000009000000090000000900000009000000090000000900000009000000090000000900000009000000090000000900000009000000090000000900000009000000090000000900000008000000080000000800000008000000080000000800000013000000100000000A0000001C00000009000000090000000900000009000000090000000900000009000000080000000800000008000000080000000800000008000000080000000D00000008000000DA39A3EE5E6B4B0D3255BFEF95601890AFD807090000000000000000000000000000000000000000, ShaderCompilation=14465.338867, RunGuid=RunIDFB8EC49B4E44CB7F1FD66C948D72FC15
DDCTransactionId11147FFD4DB5373C68FE4092703E07CF_0, PutCachedData=, CacheKey=MATSM_4F0644619F9C48FF91E0D494C95EB050_PCD3D_SM5_5__BC5N_DEV_SL_NoDBuf_EARLYZ3__DE972FAF0985526915C0FBACDC4277E59D7B6CEA, StartTime=2018.05.31-12.01.59, HierarchicalDDC=, DataSize=212114, Duration=2.871055, RunGuid=RunIDFB8EC49B4E44CB7F1FD66C948D72FC15
SavePackageTransactionId47711B8548D1128FF5F01480D3B78C8E_0, Filename=../../../../sergey/UnrealProjects/Game_1337/TopDownProjectNewRepository/Content/TopDownBP/AI/MyAIEnemy.uasset, AutoPackageBackupDelegate=6.115418, FlushAsyncLoading=0.008125, FlushStreamingFunc=0.111181, BlockTillAllRequestsFinished=0.008982, ResetLoadersForSaveUnMarkAllObjects=0.149239, TagPackageExports=18.738817, BeginCacheForCookedPlatformData=0.007696, SerializeImports=21.830521, GatherLocalizableTextData=14.848310, MarkNames=0.130851, SerializeSummary=0.024375, SerializeNames=0.465255, SerializeGatherableTextData=0.149667, BuildExportMap=0.413511, SortExportsNonSeekfree=1.977749, SortExportsSeekfreeConstructor=0.093650, SortExportsSeekfreeInner=38.000610, SortExportsSeekfree=0.010263, BuildDependencyMap=0.177890, SerializeImportMap=0.040624, SerializeExportMap=0.095785, SerializeDependencyMap=0.029933, SerializeStringAssetReferenceMap=0.004277, SaveThumbNailsAssetRegistryDataWorldLevelInfo=11.874627, SerializeExports=27.515326, SerializeBulkData=0.033356, MoveFile=1.068629, UnaccountedTime=0.974547, RunGuid=RunIDFB8EC49B4E44CB7F1FD66C948D72FC15
SavePackageTransactionId47711B8548D1128FF5F01480D3B78C8E_1, Filename=../../../../sergey/UnrealProjects/Game_1337/TopDownProjectNewRepository/Content/TopDownBP/Maps/LowPolyMap.umap, AutoPackageBackupDelegate=8.584935, FlushAsyncLoading=0.012826, FlushStreamingFunc=0.105623, BlockTillAllRequestsFinished=0.007696, ResetLoadersForSaveUnMarkAllObjects=1.155436, TagPackageExports=2.103042, BeginCacheForCookedPlatformData=0.006415, SerializeImports=3.435940, GatherLocalizableTextData=19.330647, MarkNames=0.113744, SerializeSummary=0.022665, SerializeNames=0.653408, SerializeGatherableTextData=0.081673, BuildExportMap=0.524264, SortExportsNonSeekfree=0.682913, SortExportsSeekfreeConstructor=0.092793, SortExportsSeekfreeInner=34.585197, SortExportsSeekfree=0.008125, BuildDependencyMap=0.167202, SerializeImportMap=0.080820, SerializeExportMap=0.054736, SerializeDependencyMap=0.019670, SerializeStringAssetReferenceMap=0.003848, SaveThumbNailsAssetRegistryDataWorldLevelInfo=1.442369, SerializeExports=13.981522, SerializeBulkData=2.612341, MoveFile=1.113102, UnaccountedTime=0.950601, RunGuid=RunIDFB8EC49B4E44CB7F1FD66C948D72FC15
SavePackageTransactionId47711B8548D1128FF5F01480D3B78C8E_2, Filename=../../../../sergey/UnrealProjects/Game_1337/TopDownProjectNewRepository/Content/TopDownBP/AI/MyAIEnemy.uasset, AutoPackageBackupDelegate=5.751513, FlushAsyncLoading=0.013255, FlushStreamingFunc=0.052597, BlockTillAllRequestsFinished=0.005987, ResetLoadersForSaveUnMarkAllObjects=0.137269, TagPackageExports=21.219875, BeginCacheForCookedPlatformData=0.007272, SerializeImports=22.365473, GatherLocalizableTextData=16.235947, MarkNames=0.134699, SerializeSummary=0.019670, SerializeNames=0.479367, SerializeGatherableTextData=0.149667, BuildExportMap=0.414364, SortExportsNonSeekfree=2.206959, SortExportsSeekfreeConstructor=0.019241, SortExportsSeekfreeInner=41.618290, SortExportsSeekfree=0.011120, BuildDependencyMap=0.182595, SerializeImportMap=0.035919, SerializeExportMap=0.092793, SerializeDependencyMap=0.017531, SerializeStringAssetReferenceMap=0.002567, SaveThumbNailsAssetRegistryDataWorldLevelInfo=12.256067, SerializeExports=30.973505, SerializeBulkData=0.011545, MoveFile=1.052380, UnaccountedTime=1.005337, RunGuid=RunIDFB8EC49B4E44CB7F1FD66C948D72FC15
SavePackageTransactionId47711B8548D1128FF5F01480D3B78C8E_3, Filename=../../../../sergey/UnrealProjects/Game_1337/TopDownProjectNewRepository/Content/TopDownBP/AI/MyAIEnemy.uasset, AutoPackageBackupDelegate=4.638415, FlushAsyncLoading=0.004277, FlushStreamingFunc=0.084668, BlockTillAllRequestsFinished=0.005987, ResetLoadersForSaveUnMarkAllObjects=0.107761, TagPackageExports=13.991360, BeginCacheForCookedPlatformData=0.006840, SerializeImports=15.854507, GatherLocalizableTextData=14.199607, MarkNames=0.102632, SerializeSummary=0.018388, SerializeNames=0.454132, SerializeGatherableTextData=0.121873, BuildExportMap=0.367329, SortExportsNonSeekfree=1.446217, SortExportsSeekfreeConstructor=0.080820, SortExportsSeekfreeInner=31.664110, SortExportsSeekfree=0.008553, BuildDependencyMap=0.137266, SerializeImportMap=0.032924, SerializeExportMap=0.077400, SerializeDependencyMap=0.014968, SerializeStringAssetReferenceMap=0.002567, SaveThumbNailsAssetRegistryDataWorldLevelInfo=11.334114, SerializeExports=20.346247, SerializeBulkData=0.010692, MoveFile=1.042969, UnaccountedTime=0.942480, RunGuid=RunIDFB8EC49B4E44CB7F1FD66C948D72FC15
SavePackageTransactionId47711B8548D1128FF5F01480D3B78C8E_4, Filename=../../../../sergey/UnrealProjects/Game_1337/TopDownProjectNewRepository/Content/TopDownBP/AI/MyAIEnemy.uasset, AutoPackageBackupDelegate=6.155618, FlushAsyncLoading=0.005558, FlushStreamingFunc=0.130851, BlockTillAllRequestsFinished=0.008982, ResetLoadersForSaveUnMarkAllObjects=0.137694, TagPackageExports=14.293257, BeginCacheForCookedPlatformData=0.006843, SerializeImports=16.207293, GatherLocalizableTextData=14.197473, MarkNames=0.103056, SerializeSummary=0.020955, SerializeNames=0.449430, SerializeGatherableTextData=0.121873, BuildExportMap=0.371601, SortExportsNonSeekfree=1.504801, SortExportsSeekfreeConstructor=0.090655, SortExportsSeekfreeInner=32.399197, SortExportsSeekfree=0.008978, BuildDependencyMap=0.138123, SerializeImportMap=0.033785, SerializeExportMap=0.076544, SerializeDependencyMap=0.014968, SerializeStringAssetReferenceMap=0.002567, SaveThumbNailsAssetRegistryDataWorldLevelInfo=11.234477, SerializeExports=20.965443, SerializeBulkData=0.011973, MoveFile=1.008760, UnaccountedTime=0.974551, RunGuid=RunIDFB8EC49B4E44CB7F1FD66C948D72FC15
SavePackageTransactionId47711B8548D1128FF5F01480D3B78C8E_5, Filename=../../../../sergey/UnrealProjects/Game_1337/TopDownProjectNewRepository/Content/TopDownBP/AI/MyAIEnemy.uasset, AutoPackageBackupDelegate=6.298441, FlushAsyncLoading=0.005558, FlushStreamingFunc=0.112895, BlockTillAllRequestsFinished=0.008125, ResetLoadersForSaveUnMarkAllObjects=0.183020, TagPackageExports=15.178438, BeginCacheForCookedPlatformData=0.007268, SerializeImports=16.285978, GatherLocalizableTextData=13.766855, MarkNames=0.104338, SerializeSummary=0.019673, SerializeNames=0.435747, SerializeGatherableTextData=0.137694, BuildExportMap=0.362620, SortExportsNonSeekfree=1.437239, SortExportsSeekfreeConstructor=0.079963, SortExportsSeekfreeInner=31.851839, SortExportsSeekfree=0.008553, BuildDependencyMap=0.137266, SerializeImportMap=0.031218, SerializeExportMap=0.076544, SerializeDependencyMap=0.014536, SerializeStringAssetReferenceMap=0.002567, SaveThumbNailsAssetRegistryDataWorldLevelInfo=11.283230, SerializeExports=20.920542, SerializeBulkData=0.011545, MoveFile=1.608286, UnaccountedTime=0.988662, RunGuid=RunIDFB8EC49B4E44CB7F1FD66C948D72FC15
SavePackageTransactionId47711B8548D1128FF5F01480D3B78C8E_6, Filename=../../../../sergey/UnrealProjects/Game_1337/TopDownProjectNewRepository/Content/TopDownBP/AI/MyAIEnemy.uasset, AutoPackageBackupDelegate=7.804100, FlushAsyncLoading=0.011116, FlushStreamingFunc=0.060294, BlockTillAllRequestsFinished=0.007700, ResetLoadersForSaveUnMarkAllObjects=0.136409, TagPackageExports=21.251518, BeginCacheForCookedPlatformData=0.007696, SerializeImports=22.672935, GatherLocalizableTextData=18.083271, MarkNames=0.136413, SerializeSummary=0.021808, SerializeNames=0.455845, SerializeGatherableTextData=0.173189, BuildExportMap=0.386141, SortExportsNonSeekfree=2.295900, SortExportsSeekfreeConstructor=0.084668, SortExportsSeekfreeInner=38.188766, SortExportsSeekfree=0.008982, BuildDependencyMap=0.185587, SerializeImportMap=0.047896, SerializeExportMap=0.147529, SerializeDependencyMap=0.023518, SerializeStringAssetReferenceMap=0.003420, SaveThumbNailsAssetRegistryDataWorldLevelInfo=11.796803, SerializeExports=29.895041, SerializeBulkData=0.018388, MoveFile=1.555260, UnaccountedTime=1.366679, RunGuid=RunIDFB8EC49B4E44CB7F1FD66C948D72FC15
SavePackageTransactionId47711B8548D1128FF5F01480D3B78C8E_7, Filename=../../../../sergey/UnrealProjects/Game_1337/TopDownProjectNewRepository/Content/TopDownBP/AI/MyAIEnemy.uasset, AutoPackageBackupDelegate=6.614882, FlushAsyncLoading=0.005987, FlushStreamingFunc=0.141114, BlockTillAllRequestsFinished=0.006843, ResetLoadersForSaveUnMarkAllObjects=0.120588, TagPackageExports=20.451870, BeginCacheForCookedPlatformData=0.007268, SerializeImports=23.571796, GatherLocalizableTextData=18.555365, MarkNames=0.131708, SerializeSummary=0.020098, SerializeNames=0.479791, SerializeGatherableTextData=0.179604, BuildExportMap=0.538800, SortExportsNonSeekfree=2.523825, SortExportsSeekfreeConstructor=0.087664, SortExportsSeekfreeInner=38.908024, SortExportsSeekfree=0.008982, BuildDependencyMap=0.188153, SerializeImportMap=0.036776, SerializeExportMap=0.110324, SerializeDependencyMap=0.020951, SerializeStringAssetReferenceMap=0.002567, SaveThumbNailsAssetRegistryDataWorldLevelInfo=12.066204, SerializeExports=30.161877, SerializeBulkData=0.014111, MoveFile=1.046393, UnaccountedTime=1.008760, RunGuid=RunIDFB8EC49B4E44CB7F1FD66C948D72FC15
SavePackageTransactionId47711B8548D1128FF5F01480D3B78C8E_8, Filename=../../../../sergey/UnrealProjects/Game_1337/TopDownProjectNewRepository/Content/TopDownBP/AI/MyAIEnemy.uasset, AutoPackageBackupDelegate=6.419886, FlushAsyncLoading=0.006415, FlushStreamingFunc=0.060294, BlockTillAllRequestsFinished=0.007268, ResetLoadersForSaveUnMarkAllObjects=0.127859, TagPackageExports=22.266697, BeginCacheForCookedPlatformData=0.007268, SerializeImports=25.585041, GatherLocalizableTextData=19.343473, MarkNames=0.131708, SerializeSummary=0.020955, SerializeNames=0.509296, SerializeGatherableTextData=0.183448, BuildExportMap=0.400256, SortExportsNonSeekfree=2.921939, SortExportsSeekfreeConstructor=0.089802, SortExportsSeekfreeInner=41.347179, SortExportsSeekfree=0.008553, BuildDependencyMap=0.199698, SerializeImportMap=0.034209, SerializeExportMap=0.115030, SerializeDependencyMap=0.049602, SerializeStringAssetReferenceMap=0.004705, SaveThumbNailsAssetRegistryDataWorldLevelInfo=12.573790, SerializeExports=33.137268, SerializeBulkData=0.012830, MoveFile=1.057081, UnaccountedTime=1.051523, RunGuid=RunIDFB8EC49B4E44CB7F1FD66C948D72FC15
SavePackageTransactionId47711B8548D1128FF5F01480D3B78C8E_9, Filename=../../../../sergey/UnrealProjects/Game_1337/TopDownProjectNewRepository/Content/TopDownBP/AI/MyAIEnemy.uasset, AutoPackageBackupDelegate=4.635420, FlushAsyncLoading=0.005130, FlushStreamingFunc=0.098784, BlockTillAllRequestsFinished=0.006840, ResetLoadersForSaveUnMarkAllObjects=0.118025, TagPackageExports=22.994081, BeginCacheForCookedPlatformData=0.007268, SerializeImports=28.075508, GatherLocalizableTextData=20.470682, MarkNames=0.137694, SerializeSummary=0.019245, SerializeNames=0.482786, SerializeGatherableTextData=0.203546, BuildExportMap=0.393413, SortExportsNonSeekfree=2.832566, SortExportsSeekfreeConstructor=0.089802, SortExportsSeekfreeInner=42.885761, SortExportsSeekfree=0.008982, BuildDependencyMap=0.201408, SerializeImportMap=0.033785, SerializeExportMap=0.115883, SerializeDependencyMap=0.020951, SerializeStringAssetReferenceMap=0.002995, SaveThumbNailsAssetRegistryDataWorldLevelInfo=12.528889, SerializeExports=35.747902, SerializeBulkData=0.011973, MoveFile=1.418851, UnaccountedTime=0.987805, RunGuid=RunIDFB8EC49B4E44CB7F1FD66C948D72FC15
SavePackageTransactionId47711B8548D1128FF5F01480D3B78C8E_10, Filename=../../../../sergey/UnrealProjects/Game_1337/TopDownProjectNewRepository/Content/TopDownBP/AI/MyAICharacter.uasset, AutoPackageBackupDelegate=7.970441, FlushAsyncLoading=0.013255, FlushStreamingFunc=0.070132, BlockTillAllRequestsFinished=0.008125, ResetLoadersForSaveUnMarkAllObjects=0.151806, TagPackageExports=48.148075, BeginCacheForCookedPlatformData=0.007696, SerializeImports=48.544487, GatherLocalizableTextData=27.430653, MarkNames=1.157574, SerializeSummary=0.034209, SerializeNames=1.029711, SerializeGatherableTextData=0.434466, BuildExportMap=0.753894, SortExportsNonSeekfree=7.124610, SortExportsSeekfreeConstructor=0.107758, SortExportsSeekfreeInner=69.847321, SortExportsSeekfree=0.009835, BuildDependencyMap=0.376735, SerializeImportMap=0.056021, SerializeExportMap=0.186868, SerializeDependencyMap=0.041906, SerializeStringAssetReferenceMap=0.003420, SaveThumbNailsAssetRegistryDataWorldLevelInfo=14.121357, SerializeExports=63.411610, SerializeBulkData=0.011973, MoveFile=1.128923, UnaccountedTime=1.004484, RunGuid=RunIDFB8EC49B4E44CB7F1FD66C948D72FC15
SavePackageTransactionId47711B8548D1128FF5F01480D3B78C8E_11, Filename=../../../../sergey/UnrealProjects/Game_1337/TopDownProjectNewRepository/Content/TopDownBP/AI/MyAIEnemy.uasset, AutoPackageBackupDelegate=6.253541, FlushAsyncLoading=0.011545, FlushStreamingFunc=0.051316, BlockTillAllRequestsFinished=0.006840, ResetLoadersForSaveUnMarkAllObjects=0.143256, TagPackageExports=25.466164, BeginCacheForCookedPlatformData=0.007268, SerializeImports=27.434505, GatherLocalizableTextData=19.527779, MarkNames=0.136837, SerializeSummary=0.019670, SerializeNames=0.464827, SerializeGatherableTextData=0.254434, BuildExportMap=0.395123, SortExportsNonSeekfree=2.885163, SortExportsSeekfreeConstructor=0.090659, SortExportsSeekfreeInner=42.033939, SortExportsSeekfree=0.008550, BuildDependencyMap=0.198845, SerializeImportMap=0.034638, SerializeExportMap=0.115030, SerializeDependencyMap=0.023518, SerializeStringAssetReferenceMap=0.003852, SaveThumbNailsAssetRegistryDataWorldLevelInfo=12.627668, SerializeExports=33.566601, SerializeBulkData=0.011120, MoveFile=1.124647, UnaccountedTime=1.074184, RunGuid=RunIDFB8EC49B4E44CB7F1FD66C948D72FC15
SavePackageTransactionId47711B8548D1128FF5F01480D3B78C8E_12, Filename=../../../../sergey/UnrealProjects/Game_1337/TopDownProjectNewRepository/Content/TopDownBP/AI/MyAIEnemy.uasset, AutoPackageBackupDelegate=6.267652, FlushAsyncLoading=0.005130, FlushStreamingFunc=0.095360, BlockTillAllRequestsFinished=0.006843, ResetLoadersForSaveUnMarkAllObjects=0.121873, TagPackageExports=25.156561, BeginCacheForCookedPlatformData=0.008125, SerializeImports=27.921137, GatherLocalizableTextData=20.022966, MarkNames=0.151377, SerializeSummary=0.018816, SerializeNames=0.569165, SerializeGatherableTextData=0.185587, BuildExportMap=0.392985, SortExportsNonSeekfree=2.819311, SortExportsSeekfreeConstructor=0.085950, SortExportsSeekfreeInner=44.325138, SortExportsSeekfree=0.009406, BuildDependencyMap=0.199273, SerializeImportMap=0.034638, SerializeExportMap=0.115458, SerializeDependencyMap=0.020955, SerializeStringAssetReferenceMap=0.002991, SaveThumbNailsAssetRegistryDataWorldLevelInfo=12.547706, SerializeExports=34.236259, SerializeBulkData=0.013683, MoveFile=1.015171, UnaccountedTime=1.318786, RunGuid=RunIDFB8EC49B4E44CB7F1FD66C948D72FC15
SavePackageTransactionId47711B8548D1128FF5F01480D3B78C8E_13, Filename=../../../../sergey/UnrealProjects/Game_1337/TopDownProjectNewRepository/Content/TopDownBP/AI/MyAIEnemy.uasset, AutoPackageBackupDelegate=6.475050, FlushAsyncLoading=0.006411, FlushStreamingFunc=0.072271, BlockTillAllRequestsFinished=0.009406, ResetLoadersForSaveUnMarkAllObjects=0.126578, TagPackageExports=23.902346, BeginCacheForCookedPlatformData=0.007700, SerializeImports=27.290821, GatherLocalizableTextData=20.218388, MarkNames=0.158649, SerializeSummary=0.022665, SerializeNames=0.483211, SerializeGatherableTextData=0.191148, BuildExportMap=0.419494, SortExportsNonSeekfree=2.906546, SortExportsSeekfreeConstructor=0.100065, SortExportsSeekfreeInner=43.047829, SortExportsSeekfree=0.008982, BuildDependencyMap=0.209104, SerializeImportMap=0.035062, SerializeExportMap=0.117596, SerializeDependencyMap=0.028223, SerializeStringAssetReferenceMap=0.003424, SaveThumbNailsAssetRegistryDataWorldLevelInfo=12.389914, SerializeExports=35.561028, SerializeBulkData=0.012830, MoveFile=1.028858, UnaccountedTime=1.098990, RunGuid=RunIDFB8EC49B4E44CB7F1FD66C948D72FC15
SavePackageTransactionId47711B8548D1128FF5F01480D3B78C8E_14, Filename=../../../../sergey/UnrealProjects/Game_1337/TopDownProjectNewRepository/Content/TopDownBP/Maps/LowPolyMap.umap, AutoPackageBackupDelegate=6.611031, FlushAsyncLoading=0.012830, FlushStreamingFunc=0.077825, BlockTillAllRequestsFinished=0.005987, ResetLoadersForSaveUnMarkAllObjects=0.153519, TagPackageExports=2.215508, BeginCacheForCookedPlatformData=0.006415, SerializeImports=3.491104, GatherLocalizableTextData=19.409325, MarkNames=0.118025, SerializeSummary=0.020526, SerializeNames=0.645708, SerializeGatherableTextData=0.083815, BuildExportMap=0.508443, SortExportsNonSeekfree=0.685904, SortExportsSeekfreeConstructor=0.081677, SortExportsSeekfreeInner=35.281364, SortExportsSeekfree=0.009406, BuildDependencyMap=0.890736, SerializeImportMap=0.068847, SerializeExportMap=0.054307, SerializeDependencyMap=0.023089, SerializeStringAssetReferenceMap=0.005133, SaveThumbNailsAssetRegistryDataWorldLevelInfo=1.427829, SerializeExports=8.537468, SerializeBulkData=1.955517, MoveFile=1.113955, UnaccountedTime=0.927936, RunGuid=RunIDFB8EC49B4E44CB7F1FD66C948D72FC15
SavePackageTransactionId47711B8548D1128FF5F01480D3B78C8E_15, Filename=../../../../sergey/UnrealProjects/Game_1337/TopDownProjectNewRepository/Content/TopDownBP/AI/MyAIEnemy.uasset, AutoPackageBackupDelegate=23.425549, FlushAsyncLoading=0.005987, FlushStreamingFunc=0.114601, BlockTillAllRequestsFinished=0.007696, ResetLoadersForSaveUnMarkAllObjects=0.124011, TagPackageExports=25.204885, BeginCacheForCookedPlatformData=0.007268, SerializeImports=26.764847, GatherLocalizableTextData=16.949646, MarkNames=0.134703, SerializeSummary=0.020098, SerializeNames=0.475515, SerializeGatherableTextData=0.176180, BuildExportMap=0.416931, SortExportsNonSeekfree=2.994210, SortExportsSeekfreeConstructor=0.083812, SortExportsSeekfreeInner=43.074772, SortExportsSeekfree=0.008982, BuildDependencyMap=0.222791, SerializeImportMap=0.034209, SerializeExportMap=0.116311, SerializeDependencyMap=0.028223, SerializeStringAssetReferenceMap=0.003424, SaveThumbNailsAssetRegistryDataWorldLevelInfo=13.467945, SerializeExports=35.267258, SerializeBulkData=0.011973, MoveFile=1.053233, UnaccountedTime=1.047246, RunGuid=RunIDFB8EC49B4E44CB7F1FD66C948D72FC15
SavePackageTransactionId47711B8548D1128FF5F01480D3B78C8E_16, Filename=../../../../sergey/UnrealProjects/Game_1337/TopDownProjectNewRepository/Content/TopDownBP/AI/MyAIEnemy.uasset, AutoPackageBackupDelegate=8.157742, FlushAsyncLoading=0.012401, FlushStreamingFunc=0.052169, BlockTillAllRequestsFinished=0.006840, ResetLoadersForSaveUnMarkAllObjects=0.147533, TagPackageExports=26.226900, BeginCacheForCookedPlatformData=0.008553, SerializeImports=31.358789, GatherLocalizableTextData=17.539333, MarkNames=0.132564, SerializeSummary=0.020951, SerializeNames=0.504594, SerializeGatherableTextData=0.151381, BuildExportMap=0.423770, SortExportsNonSeekfree=2.909970, SortExportsSeekfreeConstructor=0.102200, SortExportsSeekfreeInner=45.713627, SortExportsSeekfree=0.008982, BuildDependencyMap=0.204403, SerializeImportMap=0.041481, SerializeExportMap=0.133418, SerializeDependencyMap=0.022236, SerializeStringAssetReferenceMap=0.003420, SaveThumbNailsAssetRegistryDataWorldLevelInfo=13.251144, SerializeExports=36.618965, SerializeBulkData=0.017103, MoveFile=1.236256, UnaccountedTime=1.273457, RunGuid=RunIDFB8EC49B4E44CB7F1FD66C948D72FC15
SavePackageTransactionId47711B8548D1128FF5F01480D3B78C8E_17, Filename=../../../../sergey/UnrealProjects/Game_1337/TopDownProjectNewRepository/Content/TopDownBP/AI/MyAIEnemy.uasset, AutoPackageBackupDelegate=6.414756, FlushAsyncLoading=0.005558, FlushStreamingFunc=0.094932, BlockTillAllRequestsFinished=0.008125, ResetLoadersForSaveUnMarkAllObjects=0.125293, TagPackageExports=25.398598, BeginCacheForCookedPlatformData=0.006415, SerializeImports=27.425524, GatherLocalizableTextData=18.035378, MarkNames=0.135556, SerializeSummary=0.020526, SerializeNames=0.480644, SerializeGatherableTextData=0.154801, BuildExportMap=0.419497, SortExportsNonSeekfree=3.143448, SortExportsSeekfreeConstructor=0.082530, SortExportsSeekfreeInner=45.169689, SortExportsSeekfree=0.007272, BuildDependencyMap=0.210818, SerializeImportMap=0.035491, SerializeExportMap=0.127431, SerializeDependencyMap=0.028223, SerializeStringAssetReferenceMap=0.004705, SaveThumbNailsAssetRegistryDataWorldLevelInfo=12.364257, SerializeExports=38.725002, SerializeBulkData=0.011973, MoveFile=1.079317, UnaccountedTime=1.230698, RunGuid=RunIDFB8EC49B4E44CB7F1FD66C948D72FC15
SavePackageTransactionId47711B8548D1128FF5F01480D3B78C8E_18, Filename=../../../../sergey/UnrealProjects/Game_1337/TopDownProjectNewRepository/Content/TopDownBP/AI/MyAIEnemy.uasset, AutoPackageBackupDelegate=6.267652, FlushAsyncLoading=0.005130, FlushStreamingFunc=0.094078, BlockTillAllRequestsFinished=0.006840, ResetLoadersForSaveUnMarkAllObjects=0.127006, TagPackageExports=25.098406, BeginCacheForCookedPlatformData=0.007272, SerializeImports=27.180925, GatherLocalizableTextData=17.716799, MarkNames=0.138547, SerializeSummary=0.019245, SerializeNames=0.505876, SerializeGatherableTextData=0.149239, BuildExportMap=0.427194, SortExportsNonSeekfree=2.985228, SortExportsSeekfreeConstructor=0.085525, SortExportsSeekfreeInner=43.323219, SortExportsSeekfree=0.009838, BuildDependencyMap=0.230487, SerializeImportMap=0.035495, SerializeExportMap=0.117168, SerializeDependencyMap=0.022665, SerializeStringAssetReferenceMap=0.002567, SaveThumbNailsAssetRegistryDataWorldLevelInfo=12.345013, SerializeExports=36.182793, SerializeBulkData=0.011973, MoveFile=1.016885, UnaccountedTime=0.990801, RunGuid=RunIDFB8EC49B4E44CB7F1FD66C948D72FC15
SavePackageTransactionId47711B8548D1128FF5F01480D3B78C8E_19, Filename=../../../../sergey/UnrealProjects/Game_1337/TopDownProjectNewRepository/Content/TopDownBP/Maps/LowPolyMap.umap, AutoPackageBackupDelegate=11.124581, FlushAsyncLoading=0.014111, FlushStreamingFunc=0.102200, BlockTillAllRequestsFinished=0.007700, ResetLoadersForSaveUnMarkAllObjects=0.165060, TagPackageExports=1.943115, BeginCacheForCookedPlatformData=0.003420, SerializeImports=3.431238, GatherLocalizableTextData=19.414886, MarkNames=0.116739, SerializeSummary=0.022665, SerializeNames=0.711136, SerializeGatherableTextData=0.074405, BuildExportMap=0.516996, SortExportsNonSeekfree=0.691034, SortExportsSeekfreeConstructor=0.085954, SortExportsSeekfreeInner=36.440647, SortExportsSeekfree=0.009406, BuildDependencyMap=0.932217, SerializeImportMap=0.074405, SerializeExportMap=0.055164, SerializeDependencyMap=0.028223, SerializeStringAssetReferenceMap=0.007696, SaveThumbNailsAssetRegistryDataWorldLevelInfo=1.553122, SerializeExports=8.735031, SerializeBulkData=2.580698, MoveFile=1.246516, UnaccountedTime=0.963859, RunGuid=RunIDFB8EC49B4E44CB7F1FD66C948D72FC15
SavePackageTransactionId47711B8548D1128FF5F01480D3B78C8E_20, Filename=../../../../sergey/UnrealProjects/Game_1337/TopDownProjectNewRepository/Content/TopDownBP/AI/MyAIEnemy.uasset, AutoPackageBackupDelegate=6.484457, FlushAsyncLoading=0.011973, FlushStreamingFunc=0.064146, BlockTillAllRequestsFinished=0.007268, ResetLoadersForSaveUnMarkAllObjects=0.136837, TagPackageExports=26.740473, BeginCacheForCookedPlatformData=0.008125, SerializeImports=46.533375, GatherLocalizableTextData=18.589575, MarkNames=0.149243, SerializeSummary=0.019241, SerializeNames=0.491764, SerializeGatherableTextData=0.225358, BuildExportMap=0.436600, SortExportsNonSeekfree=3.409859, SortExportsSeekfreeConstructor=0.017531, SortExportsSeekfreeInner=46.201115, SortExportsSeekfree=0.008982, BuildDependencyMap=0.998925, SerializeImportMap=0.046182, SerializeExportMap=0.162069, SerializeDependencyMap=0.038058, SerializeStringAssetReferenceMap=0.005987, SaveThumbNailsAssetRegistryDataWorldLevelInfo=12.876548, SerializeExports=36.868698, SerializeBulkData=0.014540, MoveFile=1.067344, UnaccountedTime=1.059219, RunGuid=RunIDFB8EC49B4E44CB7F1FD66C948D72FC15
SavePackageTransactionId47711B8548D1128FF5F01480D3B78C8E_21, Filename=../../../../sergey/UnrealProjects/Game_1337/TopDownProjectNewRepository/Content/TopDownBP/AI/MyAIEnemy.uasset, AutoPackageBackupDelegate=6.244134, FlushAsyncLoading=0.004705, FlushStreamingFunc=0.097923, BlockTillAllRequestsFinished=0.007272, ResetLoadersForSaveUnMarkAllObjects=0.130422, TagPackageExports=25.923290, BeginCacheForCookedPlatformData=0.007268, SerializeImports=30.741732, GatherLocalizableTextData=18.613092, MarkNames=0.142828, SerializeSummary=0.020526, SerializeNames=0.476368, SerializeGatherableTextData=0.176609, BuildExportMap=0.438742, SortExportsNonSeekfree=3.312785, SortExportsSeekfreeConstructor=0.086378, SortExportsSeekfreeInner=45.646065, SortExportsSeekfree=0.008978, BuildDependencyMap=0.226639, SerializeImportMap=0.036348, SerializeExportMap=0.130851, SerializeDependencyMap=0.028651, SerializeStringAssetReferenceMap=0.002563, SaveThumbNailsAssetRegistryDataWorldLevelInfo=12.385640, SerializeExports=40.113491, SerializeBulkData=0.012401, MoveFile=1.333755, UnaccountedTime=1.188789, RunGuid=RunIDFB8EC49B4E44CB7F1FD66C948D72FC15
SavePackageTransactionId47711B8548D1128FF5F01480D3B78C8E_22, Filename=../../../../sergey/UnrealProjects/Game_1337/TopDownProjectNewRepository/Content/TopDownBP/AI/MyAIEnemy.uasset, AutoPackageBackupDelegate=7.641174, FlushAsyncLoading=0.011977, FlushStreamingFunc=0.063285, BlockTillAllRequestsFinished=0.006843, ResetLoadersForSaveUnMarkAllObjects=0.142824, TagPackageExports=27.339575, BeginCacheForCookedPlatformData=0.007268, SerializeImports=32.269199, GatherLocalizableTextData=20.180754, MarkNames=0.149667, SerializeSummary=0.020955, SerializeNames=0.469100, SerializeGatherableTextData=0.167202, BuildExportMap=0.430614, SortExportsNonSeekfree=3.559951, SortExportsSeekfreeConstructor=0.103485, SortExportsSeekfreeInner=48.358894, SortExportsSeekfree=0.008553, BuildDependencyMap=0.983529, SerializeImportMap=0.034638, SerializeExportMap=0.129145, SerializeDependencyMap=0.030790, SerializeStringAssetReferenceMap=0.003848, SaveThumbNailsAssetRegistryDataWorldLevelInfo=12.497675, SerializeExports=37.852657, SerializeBulkData=0.012398, MoveFile=16.390741, UnaccountedTime=1.310661, RunGuid=RunIDFB8EC49B4E44CB7F1FD66C948D72FC15
SavePackageTransactionId47711B8548D1128FF5F01480D3B78C8E_23, Filename=../../../../sergey/UnrealProjects/Game_1337/TopDownProjectNewRepository/Content/TopDownBP/Maps/LowPolyMap.umap, AutoPackageBackupDelegate=9.399981, FlushAsyncLoading=0.013683, FlushStreamingFunc=0.083815, BlockTillAllRequestsFinished=0.005987, ResetLoadersForSaveUnMarkAllObjects=0.166345, TagPackageExports=2.080806, BeginCacheForCookedPlatformData=0.007272, SerializeImports=3.594589, GatherLocalizableTextData=19.473471, MarkNames=0.103910, SerializeSummary=0.021383, SerializeNames=0.641432, SerializeGatherableTextData=0.047892, BuildExportMap=0.506733, SortExportsNonSeekfree=0.687189, SortExportsSeekfreeConstructor=0.079539, SortExportsSeekfreeInner=35.478069, SortExportsSeekfree=0.009835, BuildDependencyMap=0.170618, SerializeImportMap=0.068422, SerializeExportMap=0.066280, SerializeDependencyMap=0.026513, SerializeStringAssetReferenceMap=0.006415, SaveThumbNailsAssetRegistryDataWorldLevelInfo=1.395758, SerializeExports=9.686489, SerializeBulkData=1.898639, MoveFile=1.144744, UnaccountedTime=0.946324, RunGuid=RunIDFB8EC49B4E44CB7F1FD66C948D72FC15
SavePackageTransactionId47711B8548D1128FF5F01480D3B78C8E_24, Filename=../../../../sergey/UnrealProjects/Game_1337/TopDownProjectNewRepository/Content/TopDownBP/AI/MyAIEnemy.uasset, AutoPackageBackupDelegate=5.698915, FlushAsyncLoading=0.006415, FlushStreamingFunc=0.072695, BlockTillAllRequestsFinished=0.006415, ResetLoadersForSaveUnMarkAllObjects=0.123154, TagPackageExports=31.615789, BeginCacheForCookedPlatformData=0.007272, SerializeImports=28.221329, GatherLocalizableTextData=19.604750, MarkNames=0.146247, SerializeSummary=0.019670, SerializeNames=0.469528, SerializeGatherableTextData=0.184733, BuildExportMap=0.428475, SortExportsNonSeekfree=3.327753, SortExportsSeekfreeConstructor=0.016678, SortExportsSeekfreeInner=46.149803, SortExportsSeekfree=0.009406, BuildDependencyMap=0.227496, SerializeImportMap=0.035066, SerializeExportMap=0.129998, SerializeDependencyMap=0.027370, SerializeStringAssetReferenceMap=0.003420, SaveThumbNailsAssetRegistryDataWorldLevelInfo=2.828717, SerializeExports=41.308270, SerializeBulkData=0.011116, MoveFile=1.071192, UnaccountedTime=1.066487, RunGuid=RunIDFB8EC49B4E44CB7F1FD66C948D72FC15
SavePackageTransactionId47711B8548D1128FF5F01480D3B78C8E_25, Filename=../../../../sergey/UnrealProjects/Game_1337/TopDownProjectNewRepository/Content/TopDownBP/AI/MyAIEnemy.uasset, AutoPackageBackupDelegate=5.923845, FlushAsyncLoading=0.005562, FlushStreamingFunc=0.036348, BlockTillAllRequestsFinished=0.006415, ResetLoadersForSaveUnMarkAllObjects=0.115883, TagPackageExports=26.264530, BeginCacheForCookedPlatformData=0.007272, SerializeImports=29.330153, GatherLocalizableTextData=19.323372, MarkNames=0.149243, SerializeSummary=0.019670, SerializeNames=0.493903, SerializeGatherableTextData=0.261705, BuildExportMap=0.427194, SortExportsNonSeekfree=3.270451, SortExportsSeekfreeConstructor=0.085954, SortExportsSeekfreeInner=46.257130, SortExportsSeekfree=0.008982, BuildDependencyMap=0.236474, SerializeImportMap=0.034638, SerializeExportMap=0.129998, SerializeDependencyMap=0.063289, SerializeStringAssetReferenceMap=0.004705, SaveThumbNailsAssetRegistryDataWorldLevelInfo=14.193196, SerializeExports=39.757282, SerializeBulkData=0.011973, MoveFile=1.038693, UnaccountedTime=1.038693, RunGuid=RunIDFB8EC49B4E44CB7F1FD66C948D72FC15
SavePackageTransactionId47711B8548D1128FF5F01480D3B78C8E_26, Filename=../../../../sergey/UnrealProjects/Game_1337/TopDownProjectNewRepository/Content/TopDownBP/AI/MyAIEnemy.uasset, AutoPackageBackupDelegate=8.936014, FlushAsyncLoading=0.012830, FlushStreamingFunc=0.060294, BlockTillAllRequestsFinished=0.009835, ResetLoadersForSaveUnMarkAllObjects=0.156511, TagPackageExports=29.216833, BeginCacheForCookedPlatformData=0.008125, SerializeImports=34.022873, GatherLocalizableTextData=19.857473, MarkNames=0.161640, SerializeSummary=0.021383, SerializeNames=0.518706, SerializeGatherableTextData=0.252295, BuildExportMap=0.461832, SortExportsNonSeekfree=3.648896, SortExportsSeekfreeConstructor=0.094932, SortExportsSeekfreeInner=55.027233, SortExportsSeekfree=0.010263, BuildDependencyMap=1.157571, SerializeImportMap=0.051741, SerializeExportMap=0.209536, SerializeDependencyMap=0.039767, SerializeStringAssetReferenceMap=0.005558, SaveThumbNailsAssetRegistryDataWorldLevelInfo=14.145304, SerializeExports=42.566330, SerializeBulkData=0.015821, MoveFile=1.351286, UnaccountedTime=1.729302, RunGuid=RunIDFB8EC49B4E44CB7F1FD66C948D72FC15
SavePackageTransactionId47711B8548D1128FF5F01480D3B78C8E_27, Filename=../../../../sergey/UnrealProjects/Game_1337/TopDownProjectNewRepository/Content/TopDownBP/AI/MyAIEnemy.uasset, AutoPackageBackupDelegate=4.935183, FlushAsyncLoading=0.003848, FlushStreamingFunc=0.068419, BlockTillAllRequestsFinished=0.007268, ResetLoadersForSaveUnMarkAllObjects=0.125721, TagPackageExports=27.810383, BeginCacheForCookedPlatformData=0.007272, SerializeImports=33.264698, GatherLocalizableTextData=19.641525, MarkNames=0.209536, SerializeSummary=0.022236, SerializeNames=0.479791, SerializeGatherableTextData=0.180881, BuildExportMap=0.457559, SortExportsNonSeekfree=3.317062, SortExportsSeekfreeConstructor=0.097070, SortExportsSeekfreeInner=48.676189, SortExportsSeekfree=0.009406, BuildDependencyMap=0.243746, SerializeImportMap=0.036776, SerializeExportMap=0.131708, SerializeDependencyMap=0.061151, SerializeStringAssetReferenceMap=0.004277, SaveThumbNailsAssetRegistryDataWorldLevelInfo=13.669785, SerializeExports=43.158588, SerializeBulkData=0.013683, MoveFile=1.506083, UnaccountedTime=1.019023, RunGuid=RunIDFB8EC49B4E44CB7F1FD66C948D72FC15
SavePackageTransactionId47711B8548D1128FF5F01480D3B78C8E_28, Filename=../../../../sergey/UnrealProjects/Game_1337/TopDownProjectNewRepository/Content/TopDownBP/AI/MyAIEnemy.uasset, AutoPackageBackupDelegate=6.422024, FlushAsyncLoading=0.005558, FlushStreamingFunc=0.055593, BlockTillAllRequestsFinished=0.005558, ResetLoadersForSaveUnMarkAllObjects=0.117168, TagPackageExports=28.969667, BeginCacheForCookedPlatformData=0.007696, SerializeImports=33.190723, GatherLocalizableTextData=19.988325, MarkNames=0.156082, SerializeSummary=0.020526, SerializeNames=0.470381, SerializeGatherableTextData=0.190720, BuildExportMap=0.457130, SortExportsNonSeekfree=3.416695, SortExportsSeekfreeConstructor=0.088949, SortExportsSeekfreeInner=49.409985, SortExportsSeekfree=0.009410, BuildDependencyMap=0.886459, SerializeImportMap=0.034638, SerializeExportMap=0.132561, SerializeDependencyMap=0.032075, SerializeStringAssetReferenceMap=0.003420, SaveThumbNailsAssetRegistryDataWorldLevelInfo=13.064701, SerializeExports=41.406193, SerializeBulkData=0.011973, MoveFile=1.044255, UnaccountedTime=1.115236, RunGuid=RunIDFB8EC49B4E44CB7F1FD66C948D72FC15
SavePackageTransactionId47711B8548D1128FF5F01480D3B78C8E_29, Filename=../../../../sergey/UnrealProjects/Game_1337/TopDownProjectNewRepository/Content/TopDownBP/AI/MyAIEnemy.uasset, AutoPackageBackupDelegate=6.578535, FlushAsyncLoading=0.005987, FlushStreamingFunc=0.096641, BlockTillAllRequestsFinished=0.008125, ResetLoadersForSaveUnMarkAllObjects=0.128713, TagPackageExports=30.296150, BeginCacheForCookedPlatformData=0.007268, SerializeImports=34.775917, GatherLocalizableTextData=20.920542, MarkNames=0.157792, SerializeSummary=0.021808, SerializeNames=0.485353, SerializeGatherableTextData=0.179600, BuildExportMap=0.442162, SortExportsNonSeekfree=3.582615, SortExportsSeekfreeConstructor=0.093222, SortExportsSeekfreeInner=50.490158, SortExportsSeekfree=0.008982, BuildDependencyMap=0.964288, SerializeImportMap=0.036348, SerializeExportMap=0.137694, SerializeDependencyMap=0.035066, SerializeStringAssetReferenceMap=0.004701, SaveThumbNailsAssetRegistryDataWorldLevelInfo=13.533376, SerializeExports=45.196629, SerializeBulkData=0.012830, MoveFile=1.598876, UnaccountedTime=1.510363, RunGuid=RunIDFB8EC49B4E44CB7F1FD66C948D72FC15
SavePackageTransactionId47711B8548D1128FF5F01480D3B78C8E_30, Filename=../../../../sergey/UnrealProjects/Game_1337/TopDownProjectNewRepository/Content/TopDownBP/Maps/LowPolyMap.umap, AutoPackageBackupDelegate=9.009995, FlushAsyncLoading=0.014536, FlushStreamingFunc=0.071414, BlockTillAllRequestsFinished=0.006843, ResetLoadersForSaveUnMarkAllObjects=0.165489, TagPackageExports=1.941830, BeginCacheForCookedPlatformData=0.003420, SerializeImports=50.975082, GatherLocalizableTextData=19.667183, MarkNames=0.833862, SerializeSummary=0.029508, SerializeNames=0.781693, SerializeGatherableTextData=0.065424, BuildExportMap=0.607651, SortExportsNonSeekfree=0.718407, SortExportsSeekfreeConstructor=0.095360, SortExportsSeekfreeInner=35.513988, SortExportsSeekfree=0.008982, BuildDependencyMap=0.166770, SerializeImportMap=0.069704, SerializeExportMap=0.055593, SerializeDependencyMap=0.018816, SerializeStringAssetReferenceMap=0.003848, SaveThumbNailsAssetRegistryDataWorldLevelInfo=1.371812, SerializeExports=8.480169, SerializeBulkData=2.301030, MoveFile=23.825373, UnaccountedTime=1.031853, RunGuid=RunIDFB8EC49B4E44CB7F1FD66C948D72FC15
SavePackageTransactionId47711B8548D1128FF5F01480D3B78C8E_31, Filename=../../../../sergey/UnrealProjects/Game_1337/TopDownProjectNewRepository/Content/TopDownBP/Maps/LowPolyMap.umap, AutoPackageBackupDelegate=6.756853, FlushAsyncLoading=0.005558, FlushStreamingFunc=0.097498, BlockTillAllRequestsFinished=0.006415, ResetLoadersForSaveUnMarkAllObjects=0.129998, TagPackageExports=2.026927, BeginCacheForCookedPlatformData=0.003848, SerializeImports=3.796000, GatherLocalizableTextData=19.736458, MarkNames=0.135127, SerializeSummary=0.026513, SerializeNames=0.648275, SerializeGatherableTextData=0.052169, BuildExportMap=0.509296, SortExportsNonSeekfree=0.765018, SortExportsSeekfreeConstructor=0.087235, SortExportsSeekfreeInner=36.338444, SortExportsSeekfree=0.009406, BuildDependencyMap=0.167202, SerializeImportMap=0.070985, SerializeExportMap=0.055164, SerializeDependencyMap=0.040196, SerializeStringAssetReferenceMap=0.005987, SaveThumbNailsAssetRegistryDataWorldLevelInfo=1.378227, SerializeExports=9.769876, SerializeBulkData=2.411787, MoveFile=1.204610, UnaccountedTime=0.966426, RunGuid=RunIDFB8EC49B4E44CB7F1FD66C948D72FC15
SavePackageTransactionId47711B8548D1128FF5F01480D3B78C8E_32, Filename=../../../../sergey/UnrealProjects/Game_1337/TopDownProjectNewRepository/Content/TopDownBP/AI/MyAIEnemy.uasset, AutoPackageBackupDelegate=6.833397, FlushAsyncLoading=0.013255, FlushStreamingFunc=0.047896, BlockTillAllRequestsFinished=0.005130, ResetLoadersForSaveUnMarkAllObjects=0.145391, TagPackageExports=29.639322, BeginCacheForCookedPlatformData=0.007268, SerializeImports=57.925220, GatherLocalizableTextData=21.763813, MarkNames=0.155654, SerializeSummary=0.019245, SerializeNames=0.520416, SerializeGatherableTextData=0.188153, BuildExportMap=0.428904, SortExportsNonSeekfree=3.602285, SortExportsSeekfreeConstructor=0.018816, SortExportsSeekfreeInner=53.047768, SortExportsSeekfree=0.010263, BuildDependencyMap=1.063496, SerializeImportMap=0.035919, SerializeExportMap=0.142399, SerializeDependencyMap=0.032071, SerializeStringAssetReferenceMap=0.003848, SaveThumbNailsAssetRegistryDataWorldLevelInfo=13.303741, SerializeExports=43.819687, SerializeBulkData=0.011548, MoveFile=1.028858, UnaccountedTime=1.040831, RunGuid=RunIDFB8EC49B4E44CB7F1FD66C948D72FC15
SavePackageTransactionId47711B8548D1128FF5F01480D3B78C8E_33, Filename=../../../../sergey/UnrealProjects/Game_1337/TopDownProjectNewRepository/Content/TopDownBP/AI/MyAICharacter.uasset, AutoPackageBackupDelegate=8.444674, FlushAsyncLoading=0.015393, FlushStreamingFunc=0.059441, BlockTillAllRequestsFinished=0.009835, ResetLoadersForSaveUnMarkAllObjects=0.157364, TagPackageExports=46.904129, BeginCacheForCookedPlatformData=0.007268, SerializeImports=74.339058, GatherLocalizableTextData=36.616402, MarkNames=0.206970, SerializeSummary=0.023518, SerializeNames=0.680774, SerializeGatherableTextData=0.413083, BuildExportMap=0.624329, SortExportsNonSeekfree=6.129529, SortExportsSeekfreeConstructor=0.088517, SortExportsSeekfreeInner=69.075462, SortExportsSeekfree=0.009835, BuildDependencyMap=0.372458, SerializeImportMap=0.056446, SerializeExportMap=0.189863, SerializeDependencyMap=0.053022, SerializeStringAssetReferenceMap=0.005987, SaveThumbNailsAssetRegistryDataWorldLevelInfo=14.788445, SerializeExports=67.866577, SerializeBulkData=0.014540, MoveFile=1.093429, UnaccountedTime=1.047246, RunGuid=RunIDFB8EC49B4E44CB7F1FD66C948D72FC15
SavePackageTransactionId47711B8548D1128FF5F01480D3B78C8E_34, Filename=../../../../sergey/UnrealProjects/Game_1337/TopDownProjectNewRepository/Content/TopDownBP/AI/MyAICharacter.uasset, AutoPackageBackupDelegate=8.003798, FlushAsyncLoading=0.013683, FlushStreamingFunc=0.064570, BlockTillAllRequestsFinished=0.006843, ResetLoadersForSaveUnMarkAllObjects=0.195850, TagPackageExports=50.811733, BeginCacheForCookedPlatformData=0.007696, SerializeImports=55.050320, GatherLocalizableTextData=37.200962, MarkNames=1.087014, SerializeSummary=0.031643, SerializeNames=1.040403, SerializeGatherableTextData=0.422493, BuildExportMap=0.706002, SortExportsNonSeekfree=6.184269, SortExportsSeekfreeConstructor=0.096213, SortExportsSeekfreeInner=70.456680, SortExportsSeekfree=0.009835, BuildDependencyMap=0.358775, SerializeImportMap=0.053026, SerializeExportMap=0.196278, SerializeDependencyMap=0.036776, SerializeStringAssetReferenceMap=0.003424, SaveThumbNailsAssetRegistryDataWorldLevelInfo=14.609698, SerializeExports=65.047691, SerializeBulkData=0.012401, MoveFile=1.858871, UnaccountedTime=1.066916, RunGuid=RunIDFB8EC49B4E44CB7F1FD66C948D72FC15
SavePackageTransactionId47711B8548D1128FF5F01480D3B78C8E_35, Filename=../../../../sergey/UnrealProjects/Game_1337/TopDownProjectNewRepository/Content/TopDownBP/Maps/LowPolyMap.umap, AutoPackageBackupDelegate=8.859467, FlushAsyncLoading=0.013683, FlushStreamingFunc=0.082958, BlockTillAllRequestsFinished=0.006843, ResetLoadersForSaveUnMarkAllObjects=0.164207, TagPackageExports=2.073538, BeginCacheForCookedPlatformData=0.005987, SerializeImports=3.465448, GatherLocalizableTextData=19.652214, MarkNames=0.109471, SerializeSummary=0.020955, SerializeNames=0.803072, SerializeGatherableTextData=0.049606, BuildExportMap=0.592682, SortExportsNonSeekfree=0.699162, SortExportsSeekfreeConstructor=0.085525, SortExportsSeekfreeInner=35.965988, SortExportsSeekfree=0.009835, BuildDependencyMap=0.862513, SerializeImportMap=0.076115, SerializeExportMap=0.055164, SerializeDependencyMap=0.020526, SerializeStringAssetReferenceMap=0.004701, SaveThumbNailsAssetRegistryDataWorldLevelInfo=1.484703, SerializeExports=8.691840, SerializeBulkData=2.381001, MoveFile=50.602627, UnaccountedTime=1.134481, RunGuid=RunIDFB8EC49B4E44CB7F1FD66C948D72FC15
SavePackageTransactionId47711B8548D1128FF5F01480D3B78C8E_36, Filename=../../../../sergey/UnrealProjects/Game_1337/TopDownProjectNewRepository/Content/TopDownBP/AI/MyAIEnemy.uasset, AutoPackageBackupDelegate=27.470850, FlushAsyncLoading=0.013687, FlushStreamingFunc=0.045326, BlockTillAllRequestsFinished=0.006415, ResetLoadersForSaveUnMarkAllObjects=0.146676, TagPackageExports=29.133871, BeginCacheForCookedPlatformData=0.007272, SerializeImports=34.058365, GatherLocalizableTextData=22.223078, MarkNames=0.167627, SerializeSummary=0.021808, SerializeNames=0.500318, SerializeGatherableTextData=0.208251, BuildExportMap=0.458840, SortExportsNonSeekfree=3.586892, SortExportsSeekfreeConstructor=0.090227, SortExportsSeekfreeInner=49.450184, SortExportsSeekfree=0.008982, BuildDependencyMap=0.949748, SerializeImportMap=0.033781, SerializeExportMap=0.136413, SerializeDependencyMap=0.080820, SerializeStringAssetReferenceMap=0.007700, SaveThumbNailsAssetRegistryDataWorldLevelInfo=12.949244, SerializeExports=42.737804, SerializeBulkData=0.012401, MoveFile=1.401745, UnaccountedTime=1.024581, RunGuid=RunIDFB8EC49B4E44CB7F1FD66C948D72FC15
SavePackageTransactionId47711B8548D1128FF5F01480D3B78C8E_37, Filename=../../../../sergey/UnrealProjects/Game_1337/TopDownProjectNewRepository/Content/TopDownBP/AI/MyAIEnemy.uasset, AutoPackageBackupDelegate=40.781864, FlushAsyncLoading=0.011120, FlushStreamingFunc=0.054307, BlockTillAllRequestsFinished=0.009406, ResetLoadersForSaveUnMarkAllObjects=0.139832, TagPackageExports=30.543316, BeginCacheForCookedPlatformData=0.007268, SerializeImports=35.333534, GatherLocalizableTextData=23.642782, MarkNames=0.165917, SerializeSummary=0.021812, SerializeNames=0.475086, SerializeGatherableTextData=0.207823, BuildExportMap=0.436604, SortExportsNonSeekfree=3.668565, SortExportsSeekfreeConstructor=0.093222, SortExportsSeekfreeInner=53.878639, SortExportsSeekfree=0.011545, BuildDependencyMap=1.246519, SerializeImportMap=0.052169, SerializeExportMap=0.230916, SerializeDependencyMap=0.040624, SerializeStringAssetReferenceMap=0.005558, SaveThumbNailsAssetRegistryDataWorldLevelInfo=13.317853, SerializeExports=46.040329, SerializeBulkData=0.017103, MoveFile=1.362830, UnaccountedTime=1.084451, RunGuid=RunIDFB8EC49B4E44CB7F1FD66C948D72FC15
SavePackageTransactionId47711B8548D1128FF5F01480D3B78C8E_38, Filename=../../../../sergey/UnrealProjects/Game_1337/TopDownProjectNewRepository/Content/TopDownBP/AI/MyAIEnemy.uasset, AutoPackageBackupDelegate=7.157106, FlushAsyncLoading=0.005987, FlushStreamingFunc=0.069275, BlockTillAllRequestsFinished=0.008978, ResetLoadersForSaveUnMarkAllObjects=0.127431, TagPackageExports=34.101559, BeginCacheForCookedPlatformData=0.007268, SerializeImports=33.239468, GatherLocalizableTextData=22.188868, MarkNames=0.157792, SerializeSummary=0.021383, SerializeNames=0.503309, SerializeGatherableTextData=0.282660, BuildExportMap=0.484496, SortExportsNonSeekfree=4.256118, SortExportsSeekfreeConstructor=0.092365, SortExportsSeekfreeInner=51.755066, SortExportsSeekfree=0.008553, BuildDependencyMap=1.296550, SerializeImportMap=0.036776, SerializeExportMap=0.144538, SerializeDependencyMap=0.203121, SerializeStringAssetReferenceMap=0.273250, SaveThumbNailsAssetRegistryDataWorldLevelInfo=13.668076, SerializeExports=45.964638, SerializeBulkData=0.013255, MoveFile=17.957977, UnaccountedTime=1.144744, RunGuid=RunIDFB8EC49B4E44CB7F1FD66C948D72FC15
SavePackageTransactionId47711B8548D1128FF5F01480D3B78C8E_39, Filename=../../../../sergey/UnrealProjects/Game_1337/TopDownProjectNewRepository/Content/TopDownBP/AI/MyAIEnemy.uasset, AutoPackageBackupDelegate=6.713234, FlushAsyncLoading=0.005987, FlushStreamingFunc=0.061151, BlockTillAllRequestsFinished=0.006415, ResetLoadersForSaveUnMarkAllObjects=0.122298, TagPackageExports=31.895454, BeginCacheForCookedPlatformData=0.007268, SerializeImports=33.306606, GatherLocalizableTextData=22.521132, MarkNames=0.157364, SerializeSummary=0.021383, SerializeNames=0.509296, SerializeGatherableTextData=0.204831, BuildExportMap=0.436176, SortExportsNonSeekfree=3.567647, SortExportsSeekfreeConstructor=0.087235, SortExportsSeekfreeInner=50.984921, SortExportsSeekfree=0.008982, BuildDependencyMap=0.978827, SerializeImportMap=0.035495, SerializeExportMap=0.144962, SerializeDependencyMap=0.071838, SerializeStringAssetReferenceMap=0.006843, SaveThumbNailsAssetRegistryDataWorldLevelInfo=13.471797, SerializeExports=45.365543, SerializeBulkData=0.013255, MoveFile=1.203757, UnaccountedTime=1.049809, RunGuid=RunIDFB8EC49B4E44CB7F1FD66C948D72FC15
SavePackageTransactionId47711B8548D1128FF5F01480D3B78C8E_40, Filename=../../../../sergey/UnrealProjects/Game_1337/TopDownProjectNewRepository/Content/TopDownBP/Maps/LowPolyMap.umap, AutoPackageBackupDelegate=11.917818, FlushAsyncLoading=0.013258, FlushStreamingFunc=0.056874, BlockTillAllRequestsFinished=0.009835, ResetLoadersForSaveUnMarkAllObjects=0.177890, TagPackageExports=10.524627, BeginCacheForCookedPlatformData=0.007696, SerializeImports=15.185278, GatherLocalizableTextData=118.561142, MarkNames=1.360264, SerializeSummary=0.032928, SerializeNames=0.990372, SerializeGatherableTextData=0.440020, BuildExportMap=0.719260, SortExportsNonSeekfree=5.975589, SortExportsSeekfreeConstructor=0.105623, SortExportsSeekfreeInner=67.699799, SortExportsSeekfree=0.034638, BuildDependencyMap=0.618771, SerializeImportMap=0.070557, SerializeExportMap=0.223219, SerializeDependencyMap=0.090655, SerializeStringAssetReferenceMap=0.005987, SaveThumbNailsAssetRegistryDataWorldLevelInfo=4.701275, SerializeExports=31.116758, SerializeBulkData=2.546914, MoveFile=1.379080, UnaccountedTime=1.150303, RunGuid=RunIDFB8EC49B4E44CB7F1FD66C948D72FC15
